step,magnitude,direction_x,direction_y,direction_z,episode
0,0.0,0.0,0.0,0.0,1
1,0.0,0.0,0.0,0.0,1
2,0.0,0.0,0.0,0.0,1
3,5.862804590693137,0.0065709732034841175,4.586962769202132e-17,-5.862800908351202,1
4,5.055345409798155,0.0010068064678290436,-1.8009437368929634e-17,-5.055345309541972,1
5,4.8579546790812245,-0.0002531250526972842,-1.9921233340067197e-17,-4.85795467248665,1
6,4.820058559548965,-0.0004600854382348199,-1.3220276161341485e-18,-4.820058537590869,1
7,4.823022415885121,-0.0004516731526963128,1.3902573683262765e-18,-4.823022394735661,1
8,4.835339328723196,-0.0003725236441601728,2.4025987008497588e-17,-4.835339314373234,1
9,4.847556570543457,-0.0002904280254097916,-1.9067536639408812e-18,-4.8475565618433585,1
10,4.857801944338334,-0.00022538563429055808,-2.96159263321671e-19,-4.857801939109767,1
11,4.866092169956007,-0.00017660906601547584,-7.53302323785691e-18,-4.8660921667510975,1
12,4.8727828741911825,-0.0001401050060064799,-6.856380370746965e-18,-4.872782872176994,1
13,4.878215030996615,-0.0001124185462135033,5.049556775003042e-18,-4.878215029701272,1
14,4.882657496254183,-9.10712730645656e-05,7.613308565628422e-18,-4.882657495404852,1
15,4.886314190295457,-7.435546141465494e-05,-9.126560493827838e-19,-4.88631418972972,1
16,4.889340093665332,-6.109105173489748e-05,-1.6402156133332572e-18,-4.889340093283674,1
17,4.891854592675432,-5.044824558476906e-05,-2.1298175321999717e-18,-4.891854592415303,1
18,4.893951075988167,-4.183084641107393e-05,-1.5719727778720042e-18,-4.893951075809394,1
19,4.895703627465727,-3.4801222545392224e-05,1.910895537691927e-18,-4.8957036273420345,1
20,4.897171719336942,-2.9031730863304512e-05,4.399793716225464e-18,-4.897171719250888,1
21,4.898403562124591,-2.427272478335411e-05,-4.466311124350479e-18,-4.898403562064453,1
22,4.899438547043724,-2.0331041143020505e-05,4.379817644636931e-18,-4.899438547001541,1
23,4.900309064581753,-1.705521990781377e-05,-6.878488902137723e-18,-4.900309064552074,1
24,4.901041885085207,-1.4325135894234966e-05,3.3972685105416534e-18,-4.901041885064272,1
25,4.9016592250012705,-1.2044580805826433e-05,-5.101070907249884e-18,-4.9016592249864726,1
26,4.902179582686116,-1.0135857573163475e-05,-1.1198000742998822e-18,-4.902179582675637,1
27,4.902618401933348,-8.535773641369419e-06,8.339610087860549e-20,-4.902618401925918,1
28,4.90298860438245,-7.192624484822329e-06,1.2451431212958696e-20,-4.902988604377175,1
29,4.903301020538914,-6.063890159847151e-06,-4.776931711188502e-18,-4.903301020535164,1
30,4.903564741303422,-5.114453620698517e-06,-8.450403428598277e-18,-4.903564741300754,1
31,4.903787406428742,-4.3152066642411725e-06,1.5075369144998251e-18,-4.903787406426844,1
32,4.903975442419162,-3.64194788729142e-06,3.658574165754566e-18,-4.90397544241781,1
33,4.904134259552237,-3.074503545320345e-06,-7.09820890496171e-19,-4.904134259551273,1
34,4.904268415608886,-2.5960206024533187e-06,-3.6565337962598364e-18,-4.904268415608199,1
35,4.904381752323674,-2.192394190794901e-06,-4.643349554069096e-19,-4.904381752323184,1
36,4.9044775093683315,-1.8518011632740028e-06,3.6890688953480325e-18,-4.9044775093679815,1
37,4.904558419752652,-1.5643179674586726e-06,1.2208567530370212e-17,-4.904558419752402,1
38,4.904626789801708,-1.3216062373283966e-06,2.6653280720826315e-18,-4.904626789801529,1
39,4.904684566292903,-1.1166530194763618e-06,-1.0340330993136457e-18,-4.904684566292776,1
40,4.9047333928774,-9.435554465030346e-07,1.8637909606887667e-18,-4.90473339287731,1
41,4.90477465754048,-7.973416964460662e-07,1.1769805000710886e-18,-4.904774657540415,1
42,4.9048095325555305,-6.73821805759094e-07,4.688678217861292e-18,-4.904809532555484,1
43,4.904839008140283,-5.694630058670242e-07,-2.9688712030020984e-18,-4.90483900814025,1
44,4.904863920824185,-4.812854818310554e-07,3.212265619995881e-18,-4.904863920824161,1
45,4.9048849773683445,-4.0677493357855705e-07,-4.899062894769499e-18,-4.904884977368328,1
46,4.90490277494377,-3.4380927115588515e-07,8.41386683319058e-19,-4.904902774943758,1
47,4.904917818157918,-2.9059698845171886e-07,1.695581209474374e-18,-4.904917818157909,1
48,4.904930533426707,-2.456253465380571e-07,-7.050629321380976e-18,-4.9049305334267,1
49,4.904941281107695,-2.0761679325171052e-07,-3.5218537985852995e-19,-4.904941281107691,1
50,4.904950365745881,-1.7549222838656106e-07,-3.93999553520991e-18,-4.9049503657458775,1
51,4.904958044726699,-1.4834006428515805e-07,1.3298145026670165e-18,-4.904958044726698,1
52,4.904964535585076,-1.2539014103340957e-07,7.109111233704959e-19,-4.904964535585075,1
53,4.90497002217976,-1.0599173856508584e-07,-2.7046362658916205e-18,-4.904970022179759,1
54,4.90497465991002,-8.959499411990774e-08,-7.003195711327506e-19,-4.904974659910019,1
55,4.90497858012299,-7.573525818339607e-08,-7.022569244148362e-18,-4.9049785801229895,1
56,4.9049818938380465,-6.401985837071853e-08,2.558072054710456e-18,-4.9049818938380465,1
57,4.904984694894006,-5.411693229066288e-08,-8.581407365841076e-19,-4.904984694894006,1
58,4.904987062608633,-4.574601233078546e-08,-6.964178047739884e-18,-4.904987062608633,1
59,4.904989064026278,-3.86700423674866e-08,-8.195648209836935e-19,-4.904989064026278,1
60,4.9049907558175345,-3.268866719886058e-08,-3.932244953782845e-18,-4.9049907558175345,1
61,4.904992185884561,-2.7632532937835246e-08,1.0692490868130757e-19,-4.904992185884561,1
62,4.9049933947181055,-2.3358504267095156e-08,-5.619860141591517e-19,-4.9049933947181055,1
63,4.904994416544223,-1.9745585915085447e-08,4.5792319653101545e-19,-4.904994416544223,1
64,4.9049952802938375,-1.669150974731766e-08,4.137591314287503e-18,-4.9049952802938375,1
65,4.9049960104218755,-1.4109827948694475e-08,3.0364725310316956e-19,-4.9049960104218755,1
66,4.904996627599832,-1.192746400199816e-08,-6.307971038113107e-18,-4.904996627599832,1
67,4.904997149301256,-1.0082654775260048e-08,-3.562845046634935e-18,-4.904997149301256,1
68,4.9049975902964,-8.523188803757184e-09,-2.4989180980319576e-18,-4.9049975902964,1
69,4.904997963070491,-7.204926756337756e-09,4.58856582620258e-19,-4.904997963070491,1
70,4.9049982781773185,-6.090558306357223e-09,-4.712752799394371e-18,-4.9049982781773185,1
71,4.904998544537873,-5.1485490732495776e-09,6.7560252604233e-18,-4.904998544537873,1
72,4.904998769693185,-4.352240177598307e-09,2.5996939917535177e-18,-4.904998769693185,1
73,4.904998960017638,-3.679094069238212e-09,-9.208720071076965e-19,-4.904998960017638,1
74,4.904999120899428,-3.110061017036561e-09,3.334652484294159e-18,-4.904999120899428,1
75,4.904999256893303,-2.62904141207913e-09,-3.1421372756619137e-18,-4.904999256893303,1
76,4.904999371849358,-2.222416252589284e-09,4.669961900924811e-18,-4.904999371849358,1
77,4.904999469022096,-1.878686535004059e-09,7.741627253549635e-18,-4.904999469022096,1
78,4.904999551162533,-1.5881173339413094e-09,3.476436677378147e-18,-4.904999551162533,1
79,4.904999620596103,-1.3424905071118528e-09,-2.0153233787760745e-18,-4.904999620596103,1
80,4.904999679288529,-1.1348530880965782e-09,-1.849338307760182e-18,-4.904999679288529,1
81,4.90499972890148,-9.59329263848852e-10,2.486891402130577e-18,-4.90499972890148,1
82,4.904999770839444,-8.109544724336558e-10,-5.209469304012992e-18,-4.904999770839444,1
83,4.904999806289744,-6.855285734219296e-10,2.673611223790174e-18,-4.904999806289744,1
84,4.904999836256037,-5.795009832119067e-10,1.3554314960893588e-18,-4.904999836256037,1
85,4.90499986158663,-4.89872407177512e-10,-2.3319354748360126e-18,-4.90499986158663,1
86,4.904999882998692,-4.1410595190149134e-10,2.0622131998285656e-18,-4.904999882998692,1
87,4.904999901098366,-3.500571524394481e-10,1.3737691025870644e-18,-4.904999901098366,1
88,4.904999916398086,-2.9591576849868034e-10,-8.293547875638588e-19,-4.904999916398086,1
89,4.904999929330986,-2.5014801406440745e-10,-3.940641527103812e-18,-4.904999929330986,1
90,4.904999940263252,-2.114599831348392e-10,5.180718768082017e-18,-4.904999940263252,1
91,4.904999949504315,-1.7875324935149948e-10,-3.199082716419127e-18,-4.904999949504315,1
92,4.904999957315804,-1.5110514307973494e-10,-4.112302838458499e-19,-4.904999957315804,1
93,4.904999963918907,-1.277369147353867e-10,2.318575654111862e-18,-4.904999963918907,1
94,4.904999969500514,-1.0797947254098073e-10,1.889806967902732e-18,-4.904999969500514,1
95,4.904999974218667,-9.127769180811004e-11,-3.1723612803572745e-18,-4.904999974218667,1
96,4.904999978206957,-7.716164330012724e-11,-4.3759736080037534e-18,-4.904999978206957,1
97,4.904999981578246,-6.52262970230882e-11,-7.698017585644977e-18,-4.904999981578246,1
98,4.9049999844280325,-5.513720958661876e-11,1.4453760248592368e-18,-4.9049999844280325,1
99,4.904999986836962,-4.661168880776039e-11,-1.3398263457775089e-18,-4.904999986836962,1
100,4.904999988873223,-3.9400337529387845e-11,-7.756377024439287e-18,-4.904999988873223,1
101,4.904999990594506,-3.330751532494319e-11,-8.837259982338251e-18,-4.904999990594506,1
102,4.9049999920495,-2.8155096192041317e-11,-1.5490821191921177e-18,-4.9049999920495,1
103,4.904999993279407,-2.3800880281794128e-11,3.3672805180478264e-18,-4.904999993279407,1
104,4.904999994319059,-2.012065888431743e-11,4.9423408284218035e-18,-4.904999994319059,1
105,4.904999995197876,-1.7008172016545983e-11,3.0501222466148438e-18,-4.904999995197876,1
106,4.904999995940757,-1.4378583209115211e-11,5.7742033059702205e-18,-4.904999995940757,1
107,4.904999996568699,-1.2153645600768623e-11,4.769370058461305e-19,-4.904999996568699,1
108,4.904999997099502,-1.0274142416650476e-11,-3.638503302888676e-18,-4.904999997099502,1
109,4.904999997548198,-8.685521117594383e-12,-5.660516371796282e-18,-4.904999997548198,1
110,4.904999997927495,-7.339994539437164e-12,7.53601958392419e-18,-4.904999997927495,1
111,4.904999998248111,-6.206598498178764e-12,-1.7106177863315918e-18,-4.904999998248111,1
112,4.904999998519107,-5.246720737077108e-12,-1.6715823506390775e-19,-4.904999998519107,1
113,4.904999998748201,-4.435751937161373e-12,-8.136808640608297e-18,-4.904999998748201,1
114,4.904999998941853,-3.749835624950283e-12,4.895170789373117e-19,-4.904999998941853,1
115,4.904999999105543,-3.1675025299875657e-12,-1.924183522665803e-18,-4.904999999105543,1
116,4.904999999243909,-2.678745019740329e-12,-5.7533292019194486e-18,-4.904999999243909,1
117,4.9049999993608795,-2.2648513602743744e-12,-2.2548499640015775e-18,-4.9049999993608795,1
118,4.904999999459751,-1.9140329486630283e-12,-4.7066893382777854e-18,-4.904999999459751,1
119,4.904999999543321,-1.619677938413801e-12,-2.3727959495343344e-18,-4.904999999543321,1
120,4.904999999613963,-1.3683917405982625e-12,-3.383100340652835e-20,-4.904999999613963,1
121,4.904999999673672,-1.1564086930548972e-12,-2.0766472133669495e-18,-4.904999999673672,1
122,0.0,0.0,0.0,0.0,1
123,31.946909414991694,-4.54267842544677,-11.90744941700189,-29.294739156957974,1
124,0.0,0.0,0.0,0.0,1
125,0.0,0.0,0.0,0.0,1
126,0.0,0.0,0.0,0.0,1
127,0.0,0.0,0.0,0.0,1
128,0.0,0.0,0.0,0.0,1
129,0.0,0.0,0.0,0.0,1
130,0.0,0.0,0.0,0.0,1
131,0.0,0.0,0.0,0.0,1
132,0.0,0.0,0.0,0.0,1
133,0.0,0.0,0.0,0.0,1
134,0.0,0.0,0.0,0.0,1
135,0.0,0.0,0.0,0.0,1
136,0.0,0.0,0.0,0.0,1
137,0.0,0.0,0.0,0.0,1
138,0.0,0.0,0.0,0.0,1
139,0.0,0.0,0.0,0.0,1
140,0.0,0.0,0.0,0.0,1
141,0.0,0.0,0.0,0.0,1
142,0.0,0.0,0.0,0.0,1
143,0.0,0.0,0.0,0.0,1
144,0.0,0.0,0.0,0.0,1
145,0.0,0.0,0.0,0.0,1
146,0.0,0.0,0.0,0.0,1
147,0.0,0.0,0.0,0.0,1
148,0.0,0.0,0.0,0.0,1
149,0.0,0.0,0.0,0.0,1
150,0.0,0.0,0.0,0.0,1
151,0.0,0.0,0.0,0.0,1
152,0.0,0.0,0.0,0.0,1
153,0.0,0.0,0.0,0.0,1
154,0.0,0.0,0.0,0.0,1
155,0.0,0.0,0.0,0.0,1
156,0.0,0.0,0.0,0.0,1
157,0.0,0.0,0.0,0.0,1
158,0.0,0.0,0.0,0.0,1
159,0.0,0.0,0.0,0.0,1
160,0.0,0.0,0.0,0.0,1
161,0.0,0.0,0.0,0.0,1
162,0.0,0.0,0.0,0.0,1
163,0.0,0.0,0.0,0.0,1
164,0.0,0.0,0.0,0.0,1
165,0.0,0.0,0.0,0.0,1
166,0.0,0.0,0.0,0.0,1
167,0.0,0.0,0.0,0.0,1
168,0.0,0.0,0.0,0.0,1
169,0.0,0.0,0.0,0.0,1
170,0.0,0.0,0.0,0.0,1
171,0.0,0.0,0.0,0.0,1
172,0.0,0.0,0.0,0.0,1
173,0.0,0.0,0.0,0.0,1
174,0.0,0.0,0.0,0.0,1
175,0.0,0.0,0.0,0.0,1
176,0.0,0.0,0.0,0.0,1
177,0.0,0.0,0.0,0.0,1
178,0.0,0.0,0.0,0.0,1
179,0.0,0.0,0.0,0.0,1
180,0.0,0.0,0.0,0.0,1
181,0.0,0.0,0.0,0.0,1
182,0.0,0.0,0.0,0.0,1
183,0.0,0.0,0.0,0.0,1
184,0.0,0.0,0.0,0.0,1
185,0.0,0.0,0.0,0.0,1
186,0.0,0.0,0.0,0.0,1
187,0.0,0.0,0.0,0.0,1
188,0.0,0.0,0.0,0.0,1
189,0.0,0.0,0.0,0.0,1
190,0.0,0.0,0.0,0.0,1
191,0.0,0.0,0.0,0.0,1
192,0.0,0.0,0.0,0.0,1
193,0.0,0.0,0.0,0.0,1
194,0.0,0.0,0.0,0.0,1
195,0.0,0.0,0.0,0.0,1
196,0.0,0.0,0.0,0.0,1
197,0.0,0.0,0.0,0.0,1
198,0.0,0.0,0.0,0.0,1
199,0.0,0.0,0.0,0.0,1
200,0.0,0.0,0.0,0.0,1
201,0.0,0.0,0.0,0.0,1
202,0.0,0.0,0.0,0.0,1
203,0.0,0.0,0.0,0.0,1
204,0.0,0.0,0.0,0.0,1
205,0.0,0.0,0.0,0.0,1
206,0.0,0.0,0.0,0.0,1
207,0.0,0.0,0.0,0.0,1
208,0.0,0.0,0.0,0.0,1
209,0.0,0.0,0.0,0.0,1
210,0.0,0.0,0.0,0.0,1
211,0.0,0.0,0.0,0.0,1
212,0.0,0.0,0.0,0.0,1
213,0.0,0.0,0.0,0.0,1
214,0.0,0.0,0.0,0.0,1
215,0.0,0.0,0.0,0.0,1
216,0.0,0.0,0.0,0.0,1
217,0.0,0.0,0.0,0.0,1
218,0.0,0.0,0.0,0.0,1
219,0.0,0.0,0.0,0.0,1
220,0.0,0.0,0.0,0.0,1
221,0.0,0.0,0.0,0.0,1
222,0.0,0.0,0.0,0.0,1
223,0.0,0.0,0.0,0.0,1
224,0.0,0.0,0.0,0.0,1
225,0.0,0.0,0.0,0.0,1
226,0.0,0.0,0.0,0.0,1
227,0.0,0.0,0.0,0.0,1
228,0.0,0.0,0.0,0.0,1
229,0.0,0.0,0.0,0.0,1
230,0.0,0.0,0.0,0.0,1
231,0.0,0.0,0.0,0.0,1
232,0.0,0.0,0.0,0.0,1
233,0.0,0.0,0.0,0.0,1
234,0.0,0.0,0.0,0.0,1
235,0.0,0.0,0.0,0.0,1
236,0.0,0.0,0.0,0.0,1
237,0.0,0.0,0.0,0.0,1
238,0.0,0.0,0.0,0.0,1
239,0.0,0.0,0.0,0.0,1
240,0.0,0.0,0.0,0.0,1
241,0.0,0.0,0.0,0.0,1
242,0.0,0.0,0.0,0.0,1
243,0.0,0.0,0.0,0.0,1
244,0.0,0.0,0.0,0.0,1
245,0.0,0.0,0.0,0.0,1
246,0.0,0.0,0.0,0.0,1
247,0.0,0.0,0.0,0.0,1
248,0.0,0.0,0.0,0.0,1
249,0.0,0.0,0.0,0.0,1
250,0.0,0.0,0.0,0.0,1
251,0.0,0.0,0.0,0.0,1
252,0.0,0.0,0.0,0.0,1
253,0.0,0.0,0.0,0.0,1
254,0.0,0.0,0.0,0.0,1
255,0.0,0.0,0.0,0.0,1
256,0.0,0.0,0.0,0.0,1
257,0.0,0.0,0.0,0.0,1
258,0.0,0.0,0.0,0.0,1
259,0.0,0.0,0.0,0.0,1
260,0.0,0.0,0.0,0.0,1
261,0.0,0.0,0.0,0.0,1
262,0.0,0.0,0.0,0.0,1
263,0.0,0.0,0.0,0.0,1
264,0.0,0.0,0.0,0.0,1
265,0.0,0.0,0.0,0.0,1
266,0.0,0.0,0.0,0.0,1
267,0.0,0.0,0.0,0.0,1
268,0.0,0.0,0.0,0.0,1
269,0.0,0.0,0.0,0.0,1
270,0.0,0.0,0.0,0.0,1
271,0.0,0.0,0.0,0.0,1
272,0.0,0.0,0.0,0.0,1
273,0.0,0.0,0.0,0.0,1
274,0.0,0.0,0.0,0.0,1
275,0.0,0.0,0.0,0.0,1
276,0.0,0.0,0.0,0.0,1
277,0.0,0.0,0.0,0.0,1
278,0.0,0.0,0.0,0.0,1
279,0.0,0.0,0.0,0.0,1
280,0.0,0.0,0.0,0.0,1
281,0.0,0.0,0.0,0.0,1
282,0.0,0.0,0.0,0.0,1
283,0.0,0.0,0.0,0.0,1
284,0.0,0.0,0.0,0.0,1
285,0.0,0.0,0.0,0.0,1
286,0.0,0.0,0.0,0.0,1
287,0.0,0.0,0.0,0.0,1
288,0.0,0.0,0.0,0.0,1
289,0.0,0.0,0.0,0.0,1
290,0.0,0.0,0.0,0.0,1
291,0.0,0.0,0.0,0.0,1
292,0.0,0.0,0.0,0.0,1
293,0.0,0.0,0.0,0.0,1
294,0.0,0.0,0.0,0.0,1
295,0.0,0.0,0.0,0.0,1
296,0.0,0.0,0.0,0.0,1
297,0.0,0.0,0.0,0.0,1
298,0.0,0.0,0.0,0.0,1
299,0.0,0.0,0.0,0.0,1
300,0.0,0.0,0.0,0.0,1
301,0.0,0.0,0.0,0.0,1
302,0.0,0.0,0.0,0.0,1
303,0.0,0.0,0.0,0.0,1
304,0.0,0.0,0.0,0.0,1
305,0.0,0.0,0.0,0.0,1
306,0.0,0.0,0.0,0.0,1
307,0.0,0.0,0.0,0.0,1
308,0.0,0.0,0.0,0.0,1
309,0.0,0.0,0.0,0.0,1
310,0.0,0.0,0.0,0.0,1
311,0.0,0.0,0.0,0.0,1
312,0.0,0.0,0.0,0.0,1
313,0.0,0.0,0.0,0.0,1
314,0.0,0.0,0.0,0.0,1
315,0.0,0.0,0.0,0.0,1
316,0.0,0.0,0.0,0.0,1
317,0.0,0.0,0.0,0.0,1
318,0.0,0.0,0.0,0.0,1
319,0.0,0.0,0.0,0.0,1
320,0.0,0.0,0.0,0.0,1
321,0.0,0.0,0.0,0.0,1
322,0.0,0.0,0.0,0.0,1
323,0.0,0.0,0.0,0.0,1
324,0.0,0.0,0.0,0.0,1
325,0.0,0.0,0.0,0.0,1
326,0.0,0.0,0.0,0.0,1
327,0.0,0.0,0.0,0.0,1
328,0.0,0.0,0.0,0.0,1
329,0.0,0.0,0.0,0.0,1
330,0.0,0.0,0.0,0.0,1
331,0.0,0.0,0.0,0.0,1
332,0.0,0.0,0.0,0.0,1
333,0.0,0.0,0.0,0.0,1
334,0.0,0.0,0.0,0.0,1
335,0.0,0.0,0.0,0.0,1
336,0.0,0.0,0.0,0.0,1
337,0.0,0.0,0.0,0.0,1
338,0.0,0.0,0.0,0.0,1
339,0.0,0.0,0.0,0.0,1
340,0.0,0.0,0.0,0.0,1
341,0.0,0.0,0.0,0.0,1
342,0.0,0.0,0.0,0.0,1
343,0.0,0.0,0.0,0.0,1
344,0.0,0.0,0.0,0.0,1
345,0.0,0.0,0.0,0.0,1
346,0.0,0.0,0.0,0.0,1
347,0.0,0.0,0.0,0.0,1
348,0.0,0.0,0.0,0.0,1
349,0.0,0.0,0.0,0.0,1
350,0.0,0.0,0.0,0.0,1
351,0.0,0.0,0.0,0.0,1
352,0.0,0.0,0.0,0.0,1
353,0.0,0.0,0.0,0.0,1
354,0.0,0.0,0.0,0.0,1
355,0.0,0.0,0.0,0.0,1
356,0.0,0.0,0.0,0.0,1
357,0.0,0.0,0.0,0.0,1
358,0.0,0.0,0.0,0.0,1
359,0.0,0.0,0.0,0.0,1
360,0.0,0.0,0.0,0.0,1
361,0.0,0.0,0.0,0.0,1
362,0.0,0.0,0.0,0.0,1
363,0.0,0.0,0.0,0.0,1
364,0.0,0.0,0.0,0.0,1
365,0.0,0.0,0.0,0.0,1
366,0.0,0.0,0.0,0.0,1
367,0.0,0.0,0.0,0.0,1
368,0.0,0.0,0.0,0.0,1
369,0.0,0.0,0.0,0.0,1
370,0.0,0.0,0.0,0.0,1
371,0.0,0.0,0.0,0.0,1
372,0.0,0.0,0.0,0.0,1
373,0.0,0.0,0.0,0.0,1
374,0.0,0.0,0.0,0.0,1
375,0.0,0.0,0.0,0.0,1
376,0.0,0.0,0.0,0.0,1
377,0.0,0.0,0.0,0.0,1
378,0.0,0.0,0.0,0.0,1
379,0.0,0.0,0.0,0.0,1
380,0.0,0.0,0.0,0.0,1
381,0.0,0.0,0.0,0.0,1
382,0.0,0.0,0.0,0.0,1
383,0.0,0.0,0.0,0.0,1
384,0.0,0.0,0.0,0.0,1
385,0.0,0.0,0.0,0.0,1
386,0.0,0.0,0.0,0.0,1
387,0.0,0.0,0.0,0.0,1
388,0.0,0.0,0.0,0.0,1
389,0.0,0.0,0.0,0.0,1
390,0.0,0.0,0.0,0.0,1
391,0.0,0.0,0.0,0.0,1
392,0.0,0.0,0.0,0.0,1
393,0.0,0.0,0.0,0.0,1
394,0.0,0.0,0.0,0.0,1
395,0.0,0.0,0.0,0.0,1
396,0.0,0.0,0.0,0.0,1
397,0.0,0.0,0.0,0.0,1
398,0.0,0.0,0.0,0.0,1
399,0.0,0.0,0.0,0.0,1
400,0.0,0.0,0.0,0.0,1
401,0.0,0.0,0.0,0.0,1
402,0.0,0.0,0.0,0.0,1
403,0.0,0.0,0.0,0.0,1
404,0.0,0.0,0.0,0.0,1
405,0.0,0.0,0.0,0.0,1
406,0.0,0.0,0.0,0.0,1
407,0.0,0.0,0.0,0.0,1
408,0.0,0.0,0.0,0.0,1
409,0.0,0.0,0.0,0.0,1
410,0.0,0.0,0.0,0.0,1
411,0.0,0.0,0.0,0.0,1
412,0.0,0.0,0.0,0.0,1
413,0.0,0.0,0.0,0.0,1
414,0.0,0.0,0.0,0.0,1
415,0.0,0.0,0.0,0.0,1
416,0.0,0.0,0.0,0.0,1
417,0.0,0.0,0.0,0.0,1
418,0.0,0.0,0.0,0.0,1
419,0.0,0.0,0.0,0.0,1
420,0.0,0.0,0.0,0.0,1
421,0.0,0.0,0.0,0.0,1
422,0.0,0.0,0.0,0.0,1
423,0.0,0.0,0.0,0.0,1
424,0.0,0.0,0.0,0.0,1
425,0.0,0.0,0.0,0.0,1
426,0.0,0.0,0.0,0.0,1
427,0.0,0.0,0.0,0.0,1
428,0.0,0.0,0.0,0.0,1
429,0.0,0.0,0.0,0.0,1
430,0.0,0.0,0.0,0.0,1
431,0.0,0.0,0.0,0.0,1
432,0.0,0.0,0.0,0.0,1
433,0.0,0.0,0.0,0.0,1
434,0.0,0.0,0.0,0.0,1
435,0.0,0.0,0.0,0.0,1
436,0.0,0.0,0.0,0.0,1
437,0.0,0.0,0.0,0.0,1
438,0.0,0.0,0.0,0.0,1
439,0.0,0.0,0.0,0.0,1
440,0.0,0.0,0.0,0.0,1
441,0.0,0.0,0.0,0.0,1
442,0.0,0.0,0.0,0.0,1
443,0.0,0.0,0.0,0.0,1
444,0.0,0.0,0.0,0.0,1
445,0.0,0.0,0.0,0.0,1
446,0.0,0.0,0.0,0.0,1
447,0.0,0.0,0.0,0.0,1
448,0.0,0.0,0.0,0.0,1
449,0.0,0.0,0.0,0.0,1
450,0.0,0.0,0.0,0.0,1
451,0.0,0.0,0.0,0.0,1
452,0.0,0.0,0.0,0.0,1
453,0.0,0.0,0.0,0.0,1
454,0.0,0.0,0.0,0.0,1
455,0.0,0.0,0.0,0.0,1
456,0.0,0.0,0.0,0.0,1
457,0.0,0.0,0.0,0.0,1
458,0.0,0.0,0.0,0.0,1
459,0.0,0.0,0.0,0.0,1
460,0.0,0.0,0.0,0.0,1
461,0.0,0.0,0.0,0.0,1
462,0.0,0.0,0.0,0.0,1
463,0.0,0.0,0.0,0.0,1
464,0.0,0.0,0.0,0.0,1
465,0.0,0.0,0.0,0.0,1
466,0.0,0.0,0.0,0.0,1
467,0.0,0.0,0.0,0.0,1
468,0.0,0.0,0.0,0.0,1
469,0.0,0.0,0.0,0.0,1
470,0.0,0.0,0.0,0.0,1
471,0.0,0.0,0.0,0.0,1
472,0.0,0.0,0.0,0.0,1
473,0.0,0.0,0.0,0.0,1
474,0.0,0.0,0.0,0.0,1
475,0.0,0.0,0.0,0.0,1
476,0.0,0.0,0.0,0.0,1
477,0.0,0.0,0.0,0.0,1
478,0.0,0.0,0.0,0.0,1
479,0.0,0.0,0.0,0.0,1
480,0.0,0.0,0.0,0.0,1
481,0.0,0.0,0.0,0.0,1
482,0.0,0.0,0.0,0.0,1
483,0.0,0.0,0.0,0.0,1
484,0.0,0.0,0.0,0.0,1
485,0.0,0.0,0.0,0.0,1
486,0.0,0.0,0.0,0.0,1
487,0.0,0.0,0.0,0.0,1
488,0.0,0.0,0.0,0.0,1
489,0.0,0.0,0.0,0.0,1
490,0.0,0.0,0.0,0.0,1
491,0.0,0.0,0.0,0.0,1
492,0.0,0.0,0.0,0.0,1
493,0.0,0.0,0.0,0.0,1
494,0.0,0.0,0.0,0.0,1
495,0.0,0.0,0.0,0.0,1
496,0.0,0.0,0.0,0.0,1
497,0.0,0.0,0.0,0.0,1
498,0.0,0.0,0.0,0.0,1
499,0.0,0.0,0.0,0.0,1
0,0.0,0.0,0.0,0.0,2
1,0.0,0.0,0.0,0.0,2
2,0.0,0.0,0.0,0.0,2
3,5.862804590693242,0.006570973203484401,-3.770537381726788e-17,-5.862800908351307,2
4,5.0553454097981225,0.0010068064678280472,-9.216092446376767e-18,-5.055345309541939,2
5,4.8579546790812405,-0.00025312505269631475,4.487224032290121e-17,-4.857954672486666,2
6,4.820058559548943,-0.0004600854382334124,-6.8849598238947665e-18,-4.820058537590847,2
7,4.823022415885123,-0.0004516731526933958,2.4790009409186176e-18,-4.823022394735663,2
8,4.835339328723189,-0.00037252364415754483,-4.503423788446024e-18,-4.835339314373228,2
9,4.84755657054347,-0.00029042802540679306,3.264523956796385e-18,-4.847556561843372,2
10,4.857801944338333,-0.00022538563429083935,-2.278271429510587e-18,-4.857801939109766,2
11,4.866092169955997,-0.00017660906601237757,6.424925984437831e-18,-4.866092166751089,2
12,4.872782874191174,-0.00014010500600682933,3.137112129860029e-19,-4.872782872176985,2
13,4.878215030996622,-0.00011241854621574429,1.086951168818188e-18,-4.878215029701279,2
14,4.882657496254182,-9.107127306240279e-05,4.097715306120395e-18,-4.882657495404851,2
15,4.88631419029545,-7.435546141291427e-05,4.5900554186904495e-18,-4.886314189729713,2
16,4.889340093665321,-6.109105173347336e-05,1.0936171183660688e-18,-4.889340093283662,2
17,4.891854592675425,-5.044824558400822e-05,1.1395834114490794e-18,-4.891854592415296,2
18,4.893951075988167,-4.183084641033945e-05,3.665737036196624e-19,-4.893951075809394,2
19,4.895703627465726,-3.480122254522852e-05,-1.2877822573906776e-17,-4.895703627342034,2
20,4.8971717193369395,-2.9031730862827903e-05,2.6693607360585145e-18,-4.897171719250886,2
21,4.898403562124573,-2.427272478506624e-05,-1.6042531166560406e-18,-4.898403562064434,2
22,4.899438547043718,-2.03310411422833e-05,3.3854661174829244e-18,-4.899438547001535,2
23,4.900309064581748,-1.7055219906969406e-05,-1.3050562568395753e-18,-4.900309064552068,2
24,4.9010418850852036,-1.4325135893807674e-05,-2.3946954210733832e-18,-4.901041885064268,2
25,4.9016592250012705,-1.2044580804573844e-05,-5.923525712541485e-19,-4.9016592249864726,2
26,4.902179582686109,-1.0135857572294131e-05,7.329189494261746e-19,-4.902179582675631,2
27,4.902618401933351,-8.535773640585404e-06,1.2645577335233774e-18,-4.9026184019259205,2
28,4.902988604382454,-7.192624484647312e-06,-2.973327222894987e-18,-4.902988604377178,2
29,4.903301020538914,-6.0638901598076265e-06,-7.549041295750393e-18,-4.903301020535164,2
30,4.903564741303421,-5.11445362068881e-06,-1.822783449147582e-18,-4.9035647413007535,2
31,4.903787406428742,-4.315206664238401e-06,2.5009942613420173e-18,-4.903787406426843,2
32,4.903975442419156,-3.641947887883958e-06,-4.127539441130815e-18,-4.903975442417805,2
33,4.904134259552235,-3.074503545692285e-06,9.645185886859208e-19,-4.904134259551271,2
34,4.904268415608885,-2.596020602535363e-06,-2.0129182757195112e-18,-4.904268415608198,2
35,4.904381752323674,-2.19239419081397e-06,7.302682223457314e-19,-4.904381752323184,2
36,4.9044775093683315,-1.8518011632767941e-06,-1.1735843771628819e-17,-4.9044775093679815,2
37,4.904558419752647,-1.5643179675725232e-06,-4.762878000012784e-19,-4.904558419752397,2
38,4.9046267898017,-1.3216062369175488e-06,-4.124770288331143e-19,-4.904626789801522,2
39,4.904684566292903,-1.116653019384511e-06,1.6230549416855527e-18,-4.904684566292776,2
40,4.904733392877412,-9.435554439635397e-07,1.3415105210877935e-18,-4.904733392877321,2
41,4.904774657540477,-7.973416965670818e-07,-6.422753680971865e-18,-4.904774657540412,2
42,4.9048095325555146,-6.738218041024047e-07,-2.269736671957041e-18,-4.904809532555468,2
43,4.904839008140287,-5.694630061820134e-07,-4.4524938337285105e-18,-4.904839008140254,2
44,4.9048639208241624,-4.812854796209693e-07,2.7151836162833845e-18,-4.904863920824139,2
45,4.904884977368346,-4.067749337727488e-07,5.241550570078923e-18,-4.904884977368329,2
46,4.904902774943769,-3.4380927119879684e-07,-1.2256843937109719e-18,-4.904902774943757,2
47,4.904917818157918,-2.905969884616652e-07,5.907890461845667e-18,-4.904917818157909,2
48,4.904930533426706,-2.45625346541415e-07,6.431289548245518e-18,-4.9049305334266995,2
49,4.904941281107694,-2.0761679325302085e-07,9.596122168877297e-18,-4.904941281107689,2
50,4.90495036574588,-1.7549222838869776e-07,-3.949443603638673e-18,-4.904950365745877,2
51,4.904958044726699,-1.4834006428536605e-07,1.6744529933578296e-18,-4.904958044726698,2
52,4.904964535585077,-1.2539014103136862e-07,-7.911760544334636e-18,-4.9049645355850755,2
53,4.90497002217976,-1.0599173856375968e-07,3.587107668060236e-18,-4.904970022179759,2
54,4.904974659910022,-8.95949941190692e-08,3.694433035308573e-18,-4.904974659910021,2
55,4.904978580122989,-7.573525818384092e-08,-4.524008534408713e-19,-4.904978580122988,2
56,4.9049818938380465,-6.40198583700355e-08,-1.977300077564557e-18,-4.9049818938380465,2
57,4.904984694894006,-5.4116932291446275e-08,-1.5876613248005958e-18,-4.904984694894006,2
58,4.904987062608633,-4.5746012330950234e-08,-1.1738582479511765e-17,-4.904987062608633,2
59,4.904989064026278,-3.867004236650808e-08,1.2672712886745148e-18,-4.904989064026278,2
60,4.904990755817536,-3.268866719724318e-08,3.3200374848382003e-18,-4.904990755817536,2
61,4.904992185884557,-2.763253234935721e-08,2.7542875210338817e-18,-4.904992185884557,2
62,4.904993394718087,-2.3358501266728886e-08,-4.233098561980084e-18,-4.904993394718087,2
63,4.904994416544224,-1.974558592988635e-08,1.7791369274509975e-18,-4.904994416544224,2
64,4.9049952802938375,-1.6691509751969093e-08,1.4415997511633482e-18,-4.9049952802938375,2
65,4.904996010421877,-1.410982818969511e-08,-7.987231553922301e-19,-4.904996010421877,2
66,4.904996627599837,-1.1927463617408402e-08,1.483875125498256e-18,-4.904996627599837,2
67,4.904997149301243,-1.0082656963613034e-08,-7.132901565910875e-19,-4.904997149301243,2
68,4.904997590296402,-8.52318860540776e-09,6.095303178334112e-18,-4.904997590296402,2
69,4.904997963070492,-7.2049267123980705e-09,-2.139647034308218e-18,-4.904997963070492,2
70,4.904998278177319,-6.090558295457048e-09,-1.8285405978501335e-18,-4.904998278177319,2
71,4.904998544537873,-5.1485490679239125e-09,-3.0385940888527637e-18,-4.904998544537873,2
72,4.904998769693183,-4.352240178325405e-09,1.492432801108779e-18,-4.904998769693183,2
73,4.904998960017635,-3.6790940705907344e-09,-3.887527334397535e-18,-4.904998960017635,2
74,4.9049991208994275,-3.1100610184155052e-09,5.3610655078983895e-18,-4.9049991208994275,2
75,4.904999256893301,-2.6290414115527774e-09,3.3934130496186905e-18,-4.904999256893301,2
76,4.904999371849377,-2.222418532238332e-09,-1.771109626582075e-18,-4.904999371849377,2
77,4.904999469022096,-1.878686355564574e-09,-5.160736866960665e-18,-4.904999469022096,2
78,4.904999551162535,-1.5881168578757278e-09,4.277300054436687e-18,-4.904999551162535,2
79,4.904999620596103,-1.3424904008728907e-09,2.560097765341091e-18,-4.904999620596103,2
80,4.904999679288534,-1.1348524746468193e-09,1.7257415464739693e-18,-4.904999679288534,2
81,4.9049997289014655,-9.593314031367628e-10,-4.797044059438734e-18,-4.9049997289014655,2
82,4.904999770839444,-8.109542640228543e-10,2.5455021483157077e-18,-4.904999770839444,2
83,4.904999806289748,-6.855280895428467e-10,-2.912075204418876e-18,-4.904999806289748,2
84,4.904999836256039,-5.795008749659943e-10,-2.7429130105473385e-18,-4.904999836256039,2
85,4.904999861586633,-4.898719451985167e-10,-6.756793989423507e-18,-4.904999861586633,2
86,4.904999882998694,-4.1410541209871144e-10,-2.0048423798606383e-18,-4.904999882998694,2
87,4.904999901098362,-3.500574691705612e-10,1.8611761351518002e-18,-4.904999901098362,2
88,4.904999916398085,-2.9591583798879996e-10,2.6397286364320744e-18,-4.904999916398085,2
89,4.904999929330986,-2.5014803250329816e-10,-6.169621650119613e-18,-4.904999929330986,2
90,4.904999940263247,-2.11460576485815e-10,-4.116811694066674e-18,-4.904999940263247,2
91,4.904999949504312,-1.787536229686975e-10,-1.021915878203401e-18,-4.904999949504312,2
92,4.904999957315799,-1.5110546625369517e-10,9.17332796708404e-19,-4.904999957315799,2
93,4.9049999639189,-1.2773698677212915e-10,3.276620589689637e-18,-4.9049999639189,2
94,4.904999969500518,-1.0797889642657233e-10,-1.1995774917477347e-18,-4.904999969500518,2
95,4.904999974218668,-9.127756561431918e-11,1.1016703669500077e-18,-4.904999974218668,2
96,4.904999978206957,-7.716161474392876e-11,-5.900719928887923e-18,-4.904999978206957,2
97,4.904999981578248,-6.522628969414804e-11,4.540430714748343e-18,-4.904999981578248,2
98,4.904999984428032,-5.513720814790817e-11,-1.342274598241575e-18,-4.904999984428032,2
99,4.9049999868369625,-4.6611687491233316e-11,2.6599957645966965e-18,-4.9049999868369625,2
100,4.904999988873222,-3.940033997357201e-11,1.9794530870310828e-18,-4.904999988873222,2
101,4.904999990594505,-3.330751551540713e-11,2.901592598625332e-18,-4.904999990594505,2
102,0.0,0.0,0.0,0.0,2
103,2.316073734240761,-0.6183388741822173,1.5164945789204256,-1.6377114432096915,2
104,0.0,0.0,0.0,0.0,2
105,0.0,0.0,0.0,0.0,2
106,0.0,0.0,0.0,0.0,2
107,0.0,0.0,0.0,0.0,2
108,0.0,0.0,0.0,0.0,2
109,0.0,0.0,0.0,0.0,2
110,0.0,0.0,0.0,0.0,2
111,0.0,0.0,0.0,0.0,2
112,0.0,0.0,0.0,0.0,2
113,0.0,0.0,0.0,0.0,2
114,0.0,0.0,0.0,0.0,2
115,0.0,0.0,0.0,0.0,2
116,0.0,0.0,0.0,0.0,2
117,0.0,0.0,0.0,0.0,2
118,0.0,0.0,0.0,0.0,2
119,0.0,0.0,0.0,0.0,2
120,0.0,0.0,0.0,0.0,2
121,0.0,0.0,0.0,0.0,2
122,0.0,0.0,0.0,0.0,2
123,0.0,0.0,0.0,0.0,2
124,0.0,0.0,0.0,0.0,2
125,0.0,0.0,0.0,0.0,2
126,0.0,0.0,0.0,0.0,2
127,0.0,0.0,0.0,0.0,2
128,0.0,0.0,0.0,0.0,2
129,0.0,0.0,0.0,0.0,2
130,0.0,0.0,0.0,0.0,2
131,0.0,0.0,0.0,0.0,2
132,0.0,0.0,0.0,0.0,2
133,0.0,0.0,0.0,0.0,2
134,0.0,0.0,0.0,0.0,2
135,0.0,0.0,0.0,0.0,2
136,0.0,0.0,0.0,0.0,2
137,0.0,0.0,0.0,0.0,2
138,0.0,0.0,0.0,0.0,2
139,0.0,0.0,0.0,0.0,2
140,0.0,0.0,0.0,0.0,2
141,0.0,0.0,0.0,0.0,2
142,0.0,0.0,0.0,0.0,2
143,0.0,0.0,0.0,0.0,2
144,0.0,0.0,0.0,0.0,2
145,0.0,0.0,0.0,0.0,2
146,0.0,0.0,0.0,0.0,2
147,0.0,0.0,0.0,0.0,2
148,0.0,0.0,0.0,0.0,2
149,0.0,0.0,0.0,0.0,2
150,0.0,0.0,0.0,0.0,2
151,0.0,0.0,0.0,0.0,2
152,0.0,0.0,0.0,0.0,2
153,0.0,0.0,0.0,0.0,2
154,0.0,0.0,0.0,0.0,2
155,0.0,0.0,0.0,0.0,2
156,0.0,0.0,0.0,0.0,2
157,0.0,0.0,0.0,0.0,2
158,0.0,0.0,0.0,0.0,2
159,0.0,0.0,0.0,0.0,2
160,0.0,0.0,0.0,0.0,2
161,0.0,0.0,0.0,0.0,2
162,0.0,0.0,0.0,0.0,2
163,0.0,0.0,0.0,0.0,2
164,0.0,0.0,0.0,0.0,2
165,0.0,0.0,0.0,0.0,2
166,0.0,0.0,0.0,0.0,2
167,0.0,0.0,0.0,0.0,2
168,0.0,0.0,0.0,0.0,2
169,0.0,0.0,0.0,0.0,2
170,0.0,0.0,0.0,0.0,2
171,0.0,0.0,0.0,0.0,2
172,0.0,0.0,0.0,0.0,2
173,0.0,0.0,0.0,0.0,2
174,0.0,0.0,0.0,0.0,2
175,0.0,0.0,0.0,0.0,2
176,0.0,0.0,0.0,0.0,2
177,0.0,0.0,0.0,0.0,2
178,0.0,0.0,0.0,0.0,2
179,0.0,0.0,0.0,0.0,2
180,0.0,0.0,0.0,0.0,2
181,0.0,0.0,0.0,0.0,2
182,0.0,0.0,0.0,0.0,2
183,0.0,0.0,0.0,0.0,2
184,0.0,0.0,0.0,0.0,2
185,0.0,0.0,0.0,0.0,2
186,0.0,0.0,0.0,0.0,2
187,0.0,0.0,0.0,0.0,2
188,0.0,0.0,0.0,0.0,2
189,0.0,0.0,0.0,0.0,2
190,0.0,0.0,0.0,0.0,2
191,0.0,0.0,0.0,0.0,2
192,0.0,0.0,0.0,0.0,2
193,0.0,0.0,0.0,0.0,2
194,0.0,0.0,0.0,0.0,2
195,0.0,0.0,0.0,0.0,2
196,0.0,0.0,0.0,0.0,2
197,0.0,0.0,0.0,0.0,2
198,0.0,0.0,0.0,0.0,2
199,0.0,0.0,0.0,0.0,2
200,0.0,0.0,0.0,0.0,2
201,0.0,0.0,0.0,0.0,2
202,0.0,0.0,0.0,0.0,2
203,0.0,0.0,0.0,0.0,2
204,0.0,0.0,0.0,0.0,2
205,0.0,0.0,0.0,0.0,2
206,0.0,0.0,0.0,0.0,2
207,0.0,0.0,0.0,0.0,2
208,0.0,0.0,0.0,0.0,2
209,0.0,0.0,0.0,0.0,2
210,0.0,0.0,0.0,0.0,2
211,0.0,0.0,0.0,0.0,2
212,0.0,0.0,0.0,0.0,2
213,0.0,0.0,0.0,0.0,2
214,0.0,0.0,0.0,0.0,2
215,0.0,0.0,0.0,0.0,2
216,0.0,0.0,0.0,0.0,2
217,0.0,0.0,0.0,0.0,2
218,0.0,0.0,0.0,0.0,2
219,0.0,0.0,0.0,0.0,2
220,0.0,0.0,0.0,0.0,2
221,0.0,0.0,0.0,0.0,2
222,0.0,0.0,0.0,0.0,2
223,0.0,0.0,0.0,0.0,2
224,0.0,0.0,0.0,0.0,2
225,0.0,0.0,0.0,0.0,2
226,0.0,0.0,0.0,0.0,2
227,0.0,0.0,0.0,0.0,2
228,0.0,0.0,0.0,0.0,2
229,0.0,0.0,0.0,0.0,2
230,0.0,0.0,0.0,0.0,2
231,0.0,0.0,0.0,0.0,2
232,0.0,0.0,0.0,0.0,2
233,0.0,0.0,0.0,0.0,2
234,0.0,0.0,0.0,0.0,2
235,0.0,0.0,0.0,0.0,2
236,0.0,0.0,0.0,0.0,2
237,0.0,0.0,0.0,0.0,2
238,0.0,0.0,0.0,0.0,2
239,0.0,0.0,0.0,0.0,2
240,0.0,0.0,0.0,0.0,2
241,0.0,0.0,0.0,0.0,2
242,0.0,0.0,0.0,0.0,2
243,0.0,0.0,0.0,0.0,2
244,0.0,0.0,0.0,0.0,2
245,0.0,0.0,0.0,0.0,2
246,0.0,0.0,0.0,0.0,2
247,0.0,0.0,0.0,0.0,2
248,0.0,0.0,0.0,0.0,2
249,0.0,0.0,0.0,0.0,2
250,0.0,0.0,0.0,0.0,2
251,0.0,0.0,0.0,0.0,2
252,0.0,0.0,0.0,0.0,2
253,0.0,0.0,0.0,0.0,2
254,0.0,0.0,0.0,0.0,2
255,0.0,0.0,0.0,0.0,2
256,0.0,0.0,0.0,0.0,2
257,0.0,0.0,0.0,0.0,2
258,0.0,0.0,0.0,0.0,2
259,0.0,0.0,0.0,0.0,2
260,0.0,0.0,0.0,0.0,2
261,0.0,0.0,0.0,0.0,2
262,0.0,0.0,0.0,0.0,2
263,0.0,0.0,0.0,0.0,2
264,0.0,0.0,0.0,0.0,2
265,0.0,0.0,0.0,0.0,2
266,0.0,0.0,0.0,0.0,2
267,0.0,0.0,0.0,0.0,2
268,0.0,0.0,0.0,0.0,2
269,0.0,0.0,0.0,0.0,2
270,0.0,0.0,0.0,0.0,2
271,0.0,0.0,0.0,0.0,2
272,0.0,0.0,0.0,0.0,2
273,0.0,0.0,0.0,0.0,2
274,0.0,0.0,0.0,0.0,2
275,0.0,0.0,0.0,0.0,2
276,0.0,0.0,0.0,0.0,2
277,0.0,0.0,0.0,0.0,2
278,0.0,0.0,0.0,0.0,2
279,0.0,0.0,0.0,0.0,2
280,0.0,0.0,0.0,0.0,2
281,0.0,0.0,0.0,0.0,2
282,0.0,0.0,0.0,0.0,2
283,0.0,0.0,0.0,0.0,2
284,0.0,0.0,0.0,0.0,2
285,0.0,0.0,0.0,0.0,2
286,0.0,0.0,0.0,0.0,2
287,0.0,0.0,0.0,0.0,2
288,0.0,0.0,0.0,0.0,2
289,0.0,0.0,0.0,0.0,2
290,0.0,0.0,0.0,0.0,2
291,0.0,0.0,0.0,0.0,2
292,0.0,0.0,0.0,0.0,2
293,0.0,0.0,0.0,0.0,2
294,0.0,0.0,0.0,0.0,2
295,0.0,0.0,0.0,0.0,2
296,0.0,0.0,0.0,0.0,2
297,0.0,0.0,0.0,0.0,2
298,0.0,0.0,0.0,0.0,2
299,0.0,0.0,0.0,0.0,2
300,0.0,0.0,0.0,0.0,2
301,0.0,0.0,0.0,0.0,2
302,0.0,0.0,0.0,0.0,2
303,0.0,0.0,0.0,0.0,2
304,0.0,0.0,0.0,0.0,2
305,0.0,0.0,0.0,0.0,2
306,0.0,0.0,0.0,0.0,2
307,0.0,0.0,0.0,0.0,2
308,0.0,0.0,0.0,0.0,2
309,0.0,0.0,0.0,0.0,2
310,0.0,0.0,0.0,0.0,2
311,0.0,0.0,0.0,0.0,2
312,0.0,0.0,0.0,0.0,2
313,0.0,0.0,0.0,0.0,2
314,0.0,0.0,0.0,0.0,2
315,0.0,0.0,0.0,0.0,2
316,0.0,0.0,0.0,0.0,2
317,0.0,0.0,0.0,0.0,2
318,0.0,0.0,0.0,0.0,2
319,0.0,0.0,0.0,0.0,2
320,0.0,0.0,0.0,0.0,2
321,0.0,0.0,0.0,0.0,2
322,0.0,0.0,0.0,0.0,2
323,0.0,0.0,0.0,0.0,2
324,0.0,0.0,0.0,0.0,2
325,0.0,0.0,0.0,0.0,2
326,0.0,0.0,0.0,0.0,2
327,0.0,0.0,0.0,0.0,2
328,0.0,0.0,0.0,0.0,2
329,0.0,0.0,0.0,0.0,2
330,0.0,0.0,0.0,0.0,2
331,0.0,0.0,0.0,0.0,2
332,0.0,0.0,0.0,0.0,2
333,0.0,0.0,0.0,0.0,2
334,0.0,0.0,0.0,0.0,2
335,0.0,0.0,0.0,0.0,2
336,0.0,0.0,0.0,0.0,2
337,0.0,0.0,0.0,0.0,2
338,0.0,0.0,0.0,0.0,2
339,0.0,0.0,0.0,0.0,2
340,0.0,0.0,0.0,0.0,2
341,0.0,0.0,0.0,0.0,2
342,0.0,0.0,0.0,0.0,2
343,0.0,0.0,0.0,0.0,2
344,0.0,0.0,0.0,0.0,2
345,0.0,0.0,0.0,0.0,2
346,0.0,0.0,0.0,0.0,2
347,0.0,0.0,0.0,0.0,2
348,0.0,0.0,0.0,0.0,2
349,0.0,0.0,0.0,0.0,2
350,0.0,0.0,0.0,0.0,2
351,0.0,0.0,0.0,0.0,2
352,0.0,0.0,0.0,0.0,2
353,0.0,0.0,0.0,0.0,2
354,0.0,0.0,0.0,0.0,2
355,0.0,0.0,0.0,0.0,2
356,0.0,0.0,0.0,0.0,2
357,0.0,0.0,0.0,0.0,2
358,0.0,0.0,0.0,0.0,2
359,0.0,0.0,0.0,0.0,2
360,0.0,0.0,0.0,0.0,2
361,0.0,0.0,0.0,0.0,2
362,0.0,0.0,0.0,0.0,2
363,0.0,0.0,0.0,0.0,2
364,0.0,0.0,0.0,0.0,2
365,0.0,0.0,0.0,0.0,2
366,0.0,0.0,0.0,0.0,2
367,0.0,0.0,0.0,0.0,2
368,0.0,0.0,0.0,0.0,2
369,0.0,0.0,0.0,0.0,2
370,0.0,0.0,0.0,0.0,2
371,0.0,0.0,0.0,0.0,2
372,0.0,0.0,0.0,0.0,2
373,0.0,0.0,0.0,0.0,2
374,0.0,0.0,0.0,0.0,2
375,0.0,0.0,0.0,0.0,2
376,0.0,0.0,0.0,0.0,2
377,0.0,0.0,0.0,0.0,2
378,0.0,0.0,0.0,0.0,2
379,0.0,0.0,0.0,0.0,2
380,0.0,0.0,0.0,0.0,2
381,0.0,0.0,0.0,0.0,2
382,0.0,0.0,0.0,0.0,2
383,0.0,0.0,0.0,0.0,2
384,0.0,0.0,0.0,0.0,2
385,0.0,0.0,0.0,0.0,2
386,0.0,0.0,0.0,0.0,2
387,0.0,0.0,0.0,0.0,2
388,0.0,0.0,0.0,0.0,2
389,0.0,0.0,0.0,0.0,2
390,0.0,0.0,0.0,0.0,2
391,0.0,0.0,0.0,0.0,2
392,0.0,0.0,0.0,0.0,2
393,0.0,0.0,0.0,0.0,2
394,0.0,0.0,0.0,0.0,2
395,0.0,0.0,0.0,0.0,2
396,0.0,0.0,0.0,0.0,2
397,0.0,0.0,0.0,0.0,2
398,0.0,0.0,0.0,0.0,2
399,0.0,0.0,0.0,0.0,2
400,0.0,0.0,0.0,0.0,2
401,0.0,0.0,0.0,0.0,2
402,0.0,0.0,0.0,0.0,2
403,0.0,0.0,0.0,0.0,2
404,0.0,0.0,0.0,0.0,2
405,0.0,0.0,0.0,0.0,2
406,0.0,0.0,0.0,0.0,2
407,0.0,0.0,0.0,0.0,2
408,0.0,0.0,0.0,0.0,2
409,0.0,0.0,0.0,0.0,2
410,0.0,0.0,0.0,0.0,2
411,0.0,0.0,0.0,0.0,2
412,0.0,0.0,0.0,0.0,2
413,0.0,0.0,0.0,0.0,2
414,0.0,0.0,0.0,0.0,2
415,0.0,0.0,0.0,0.0,2
416,0.0,0.0,0.0,0.0,2
417,0.0,0.0,0.0,0.0,2
418,0.0,0.0,0.0,0.0,2
419,0.0,0.0,0.0,0.0,2
420,0.0,0.0,0.0,0.0,2
421,0.0,0.0,0.0,0.0,2
422,0.0,0.0,0.0,0.0,2
423,0.0,0.0,0.0,0.0,2
424,0.0,0.0,0.0,0.0,2
425,0.0,0.0,0.0,0.0,2
426,0.0,0.0,0.0,0.0,2
427,0.0,0.0,0.0,0.0,2
428,0.0,0.0,0.0,0.0,2
429,0.0,0.0,0.0,0.0,2
430,0.0,0.0,0.0,0.0,2
431,0.0,0.0,0.0,0.0,2
432,0.0,0.0,0.0,0.0,2
433,0.0,0.0,0.0,0.0,2
434,0.0,0.0,0.0,0.0,2
435,0.0,0.0,0.0,0.0,2
436,0.0,0.0,0.0,0.0,2
437,0.0,0.0,0.0,0.0,2
438,0.0,0.0,0.0,0.0,2
439,0.0,0.0,0.0,0.0,2
440,0.0,0.0,0.0,0.0,2
441,0.0,0.0,0.0,0.0,2
442,0.0,0.0,0.0,0.0,2
443,0.0,0.0,0.0,0.0,2
444,0.0,0.0,0.0,0.0,2
445,0.0,0.0,0.0,0.0,2
446,0.0,0.0,0.0,0.0,2
447,0.0,0.0,0.0,0.0,2
448,0.0,0.0,0.0,0.0,2
449,0.0,0.0,0.0,0.0,2
450,0.0,0.0,0.0,0.0,2
451,0.0,0.0,0.0,0.0,2
452,0.0,0.0,0.0,0.0,2
453,0.0,0.0,0.0,0.0,2
454,0.0,0.0,0.0,0.0,2
455,0.0,0.0,0.0,0.0,2
456,0.0,0.0,0.0,0.0,2
457,0.0,0.0,0.0,0.0,2
458,0.0,0.0,0.0,0.0,2
459,0.0,0.0,0.0,0.0,2
460,0.0,0.0,0.0,0.0,2
461,0.0,0.0,0.0,0.0,2
462,0.0,0.0,0.0,0.0,2
463,0.0,0.0,0.0,0.0,2
464,0.0,0.0,0.0,0.0,2
465,0.0,0.0,0.0,0.0,2
466,0.0,0.0,0.0,0.0,2
467,0.0,0.0,0.0,0.0,2
468,0.0,0.0,0.0,0.0,2
469,0.0,0.0,0.0,0.0,2
470,0.0,0.0,0.0,0.0,2
471,0.0,0.0,0.0,0.0,2
472,0.0,0.0,0.0,0.0,2
473,0.0,0.0,0.0,0.0,2
474,0.0,0.0,0.0,0.0,2
475,0.0,0.0,0.0,0.0,2
476,0.0,0.0,0.0,0.0,2
477,0.0,0.0,0.0,0.0,2
478,0.0,0.0,0.0,0.0,2
479,0.0,0.0,0.0,0.0,2
480,0.0,0.0,0.0,0.0,2
481,0.0,0.0,0.0,0.0,2
482,0.0,0.0,0.0,0.0,2
483,0.0,0.0,0.0,0.0,2
484,0.0,0.0,0.0,0.0,2
485,0.0,0.0,0.0,0.0,2
486,0.0,0.0,0.0,0.0,2
487,0.0,0.0,0.0,0.0,2
488,0.0,0.0,0.0,0.0,2
489,0.0,0.0,0.0,0.0,2
490,0.0,0.0,0.0,0.0,2
491,0.0,0.0,0.0,0.0,2
492,0.0,0.0,0.0,0.0,2
493,0.0,0.0,0.0,0.0,2
494,0.0,0.0,0.0,0.0,2
495,0.0,0.0,0.0,0.0,2
496,0.0,0.0,0.0,0.0,2
497,0.0,0.0,0.0,0.0,2
498,0.0,0.0,0.0,0.0,2
499,0.0,0.0,0.0,0.0,2
0,0.0,0.0,0.0,0.0,3
1,0.0,0.0,0.0,0.0,3
2,0.0,0.0,0.0,0.0,3
3,5.862804590693235,0.006570973203484688,-1.699811279429644e-17,-5.862800908351301,3
4,5.055345409798178,0.0010068064678285722,-3.457376476313045e-17,-5.055345309541994,3
5,4.857954679081215,-0.0002531250526981369,1.6749367944016204e-18,-4.85795467248664,3
6,4.820058559548937,-0.00046008543823115573,4.227272628197764e-18,-4.8200585375908425,3
7,4.823022415885121,-0.0004516731526910394,-7.25891835441175e-18,-4.823022394735661,3
8,4.83533932872318,-0.00037252364415804904,1.3127830138668567e-17,-4.835339314373218,3
9,4.847556570543475,-0.0002904280254062692,-8.160643509493238e-18,-4.847556561843376,3
10,4.857801944338338,-0.0002253856342912127,-6.004559059635636e-18,-4.857801939109771,3
11,4.866092169956001,-0.0001766090660134529,6.069810733774761e-18,-4.866092166751093,3
12,4.872782874191185,-0.0001401050060055258,5.5931825851753015e-18,-4.872782872176996,3
13,4.8782150309966195,-0.00011241854621375559,6.135401058889593e-18,-4.878215029701276,3
14,4.882657496254165,-9.107127306328125e-05,-2.2113167465706898e-18,-4.8826574954048345,3
15,4.886314190295457,-7.435546141572872e-05,-3.58869931503062e-18,-4.88631418972972,3
16,4.889340093665312,-6.109105173422169e-05,6.569632557816578e-19,-4.8893400932836535,3
17,4.8918545926754495,-5.044824558509523e-05,3.7471351686529986e-18,-4.891854592415321,3
18,4.893951075988152,-4.1830846411904355e-05,-4.7556708722402504e-18,-4.893951075809379,3
19,4.895703627465729,-3.4801222544653e-05,-2.9896462343556195e-19,-4.895703627342037,3
20,4.897171719336936,-2.9031730861864603e-05,5.314265423774494e-18,-4.897171719250882,3
21,4.898403562124572,-2.4272724784851708e-05,6.74756122616849e-19,-4.898403562064433,3
22,4.899438547043702,-2.0331041144169352e-05,-1.7385218694284925e-19,-4.899438547001519,3
23,4.900309064581753,-1.7055219906383734e-05,1.10829031440956e-18,-4.900309064552073,3
24,4.901041885085209,-1.4325135893237351e-05,-4.186944878203004e-18,-4.901041885064274,3
25,4.901659225001291,-1.2044580806726514e-05,2.2381826208959692e-18,-4.901659224986493,3
26,4.902179582686109,-1.0135857572086362e-05,-5.2390462605073754e-20,-4.902179582675631,3
27,4.902618401933351,-8.53577364054028e-06,-5.224182428385918e-18,-4.9026184019259205,3
28,4.90298860438245,-7.192624484398008e-06,-1.068487129965357e-18,-4.902988604377175,3
29,4.903301020538914,-6.063890159749759e-06,-3.64875101163414e-18,-4.903301020535164,3
30,4.903564741303419,-5.1144536206781335e-06,8.539610972666455e-18,-4.903564741300752,3
31,4.903787406428761,-4.315206666509357e-06,4.115967099649668e-18,-4.903787406426863,3
32,4.90397544241916,-3.6419478871136354e-06,-9.691182323567037e-18,-4.903975442417808,3
33,4.904134259552234,-3.074503544841935e-06,3.150588352556445e-18,-4.90413425955127,3
34,4.904268415608884,-2.5960206023479563e-06,1.104015324607711e-18,-4.904268415608197,3
35,4.904381752323699,-2.1923941930451168e-06,4.169365029564398e-18,-4.904381752323209,3
36,4.90447750936833,-1.8518011630904092e-06,-6.2534738862014745e-18,-4.90447750936798,3
37,4.904558419752646,-1.5643179668561144e-06,-3.942711363898385e-18,-4.904558419752396,3
38,4.904626789801703,-1.321606237198005e-06,1.5513624951066649e-18,-4.904626789801524,3
39,4.904684566292903,-1.1166530194475127e-06,2.4308198670257536e-18,-4.904684566292776,3
40,4.904733392877397,-9.435554465000454e-07,6.3178162516014205e-18,-4.904733392877306,3
41,4.904774657540477,-7.973416964481439e-07,1.6574241064342627e-18,-4.904774657540412,3
42,4.9048095325555146,-6.738218040737872e-07,6.965354493139138e-18,-4.904809532555468,3
43,4.904839008140286,-5.694630061748981e-07,-4.080903352937954e-18,-4.904839008140253,3
44,4.904863920824182,-4.812854818990865e-07,-1.2132534375673452e-18,-4.904863920824159,3
45,4.904884977368344,-4.067749335950162e-07,-8.51822251548744e-18,-4.904884977368327,3
46,4.904902774943769,-3.4380927115712086e-07,1.1216757637345875e-18,-4.904902774943757,3
47,4.904917818157917,-2.905969884516433e-07,8.855765307436278e-19,-4.904917818157908,3
48,4.904930533426708,-2.456253465367855e-07,6.281450720223051e-19,-4.904930533426702,3
49,4.904941281107695,-2.0761679325079583e-07,1.1298577457570175e-18,-4.904941281107691,3
50,4.90495036574588,-1.7549222838962264e-07,7.861301439069951e-19,-4.904950365745877,3
51,4.904958044726698,-1.4834006428707703e-07,-5.21933986408181e-18,-4.904958044726696,3
52,4.904964535585076,-1.253901410330096e-07,-7.550281356218071e-18,-4.904964535585075,3
53,4.904970022179761,-1.0599173856529594e-07,-2.5507339887587446e-18,-4.90497002217976,3
54,4.904974659910022,-8.959499411865981e-08,-3.7090270013303076e-18,-4.904974659910021,3
55,4.90497858012299,-7.573525818255564e-08,-1.5668303464625535e-18,-4.9049785801229895,3
56,4.9049818938380465,-6.40198583690425e-08,-6.291481095333567e-20,-4.9049818938380465,3
57,4.904984694894008,-5.411693229544789e-08,-4.775044396953923e-18,-4.904984694894007,3
58,4.904987062608632,-4.574601233019726e-08,-7.065350019781423e-18,-4.904987062608632,3
59,4.904989064026278,-3.867004236623788e-08,-9.078702990091234e-19,-4.904989064026278,3
60,4.904990755817538,-3.268866719883572e-08,6.877236635763688e-18,-4.904990755817538,3
61,4.904992185884563,-2.7632532937363538e-08,2.268975557711163e-18,-4.904992185884563,3
62,4.9049933947181,-2.335850470826056e-08,-4.069797144607249e-18,-4.9049933947181,3
63,4.904994416544221,-1.9745586013123496e-08,3.843306096001075e-19,-4.904994416544221,3
64,4.904995280293851,-1.6691507492263e-08,9.261855108722363e-18,-4.904995280293851,3
65,4.904996010421872,-1.4109828612548314e-08,6.014340220818395e-19,-4.904996010421872,3
66,4.904996627599835,-1.1927464146185671e-08,-1.9180587202133613e-18,-4.904996627599835,3
67,4.904997149301275,-1.0082657091643093e-08,2.781523595335618e-18,-4.904997149301275,3
68,4.904997590296398,-8.523188632060781e-09,4.8121149234695225e-18,-4.904997590296398,3
69,4.904997963070487,-7.204926720365735e-09,2.431187195449783e-18,-4.904997963070487,3
70,4.9049982781773185,-6.0905582987545766e-09,-3.2324210980311303e-18,-4.9049982781773185,3
71,4.9049985445378725,-5.148549069561631e-09,3.252823218263153e-18,-4.9049985445378725,3
72,4.904998769693186,-4.3522401765889154e-09,-7.501221025768975e-18,-4.904998769693186,3
73,4.904998960017637,-3.679094066750361e-09,5.878200560335316e-18,-4.904998960017637,3
74,4.904999120899428,-3.110061018786353e-09,-3.978508469012184e-18,-4.904999120899428,3
75,4.9049992568933,-2.629041415324539e-09,-3.4352611180112498e-18,-4.9049992568933,3
76,4.9049993718493585,-2.222416253312843e-09,-1.6041663229889314e-18,-4.9049993718493585,3
77,4.904999469022096,-1.8786865336491266e-09,9.41815435237518e-19,-4.904999469022096,3
78,4.904999551162533,-1.5881173379697071e-09,3.622733044041043e-18,-4.904999551162533,3
79,4.904999620596102,-1.342490507162953e-09,-1.3087523748018983e-18,-4.904999620596102,3
80,4.904999679288528,-1.134853088022055e-09,1.9149908435901648e-18,-4.904999679288528,3
81,4.9049997289014655,-9.593315375786073e-10,-6.900728042739387e-19,-4.9049997289014655,3
82,4.904999770839445,-8.109542966909905e-10,1.0088757461873435e-19,-4.904999770839445,3
83,4.904999806289746,-6.85528099372215e-10,-2.9467390059183832e-18,-4.904999806289746,3
84,4.90499983625604,-5.795008756467647e-10,5.297343190944427e-18,-4.90499983625604,3
85,4.904999861586633,-4.898719457815394e-10,-4.675730422837875e-19,-4.904999861586633,3
86,4.904999882998691,-4.1410584840898633e-10,-1.9171525668575404e-18,-4.904999882998691,3
87,4.9049999010983605,-3.5005756699063583e-10,-2.7712620827614222e-18,-4.9049999010983605,3
88,4.904999916398085,-2.959158580518752e-10,3.920755446519422e-18,-4.904999916398085,3
89,4.904999929331007,-2.5015031254426906e-10,1.6227391913183678e-18,-4.904999929331007,3
90,4.9049999402632505,-2.1145980932039057e-10,-3.4290319567166394e-18,-4.9049999402632505,3
91,4.9049999495043135,-1.7875321207020144e-10,-1.4081335226715274e-18,-4.9049999495043135,3
92,4.904999957315801,-1.5110513498133531e-10,-8.897782050276215e-20,-4.904999957315801,3
93,4.904999963918884,-1.2773506992247216e-10,-3.525451673479536e-18,-4.904999963918884,3
94,4.90499996950052,-1.0797915574478082e-10,6.091095837101339e-18,-4.90499996950052,3
95,4.904999974218674,-9.127782040104645e-11,-5.363112063084224e-18,-4.904999974218674,3
96,4.904999978206958,-7.716167139690688e-11,-6.168939580373805e-18,-4.904999978206958,3
97,4.904999981578255,-6.522604007710247e-11,1.161209082240768e-18,-4.904999981578255,3
98,4.904999984428032,-5.513715255763688e-11,-7.7098858256813925e-19,-4.904999984428032,3
99,4.9049999868369625,-4.6611673507044174e-11,-4.449260440357236e-18,-4.9049999868369625,3
100,4.904999988873223,-3.9400334542685786e-11,-5.10362028148741e-18,-4.904999988873223,3
101,4.904999990594506,-3.330751437294601e-11,-5.3663681846953116e-18,-4.904999990594506,3
102,4.9049999920495,-2.8155094979576324e-11,-3.2092858172633463e-18,-4.9049999920495,3
103,4.904999993279407,-2.3800880275187482e-11,7.394056173734949e-18,-4.904999993279407,3
104,4.904999994319061,-2.012065544345418e-11,-8.611661638067375e-19,-4.904999994319061,3
105,4.904999995197876,-1.700817186688545e-11,5.017138941514085e-18,-4.904999995197876,3
106,4.904999995940756,-1.4378584627316895e-11,-1.6143754626858138e-18,-4.904999995940756,3
107,4.9049999965687,-1.2153647026907268e-11,5.206252970025989e-18,-4.9049999965687,3
108,4.904999997099503,-1.0274140547718574e-11,-4.2802172745301197e-19,-4.904999997099503,3
109,4.9049999975482,-8.685761594698962e-12,-8.772202196242773e-18,-4.9049999975482,3
110,4.904999997927494,-7.340048841927502e-12,1.820288450697291e-18,-4.904999997927494,3
111,4.90499999824811,-6.206610630515585e-12,-5.071280896976536e-18,-4.90499999824811,3
112,4.904999998519106,-5.246724347807673e-12,-7.353487926316154e-18,-4.904999998519106,3
113,4.904999998748198,-4.436189046831202e-12,-3.953038228443635e-18,-4.904999998748198,3
114,4.904999998941853,-3.7499310301601035e-12,1.2358292248581004e-18,-4.904999998941853,3
115,4.904999999105543,-3.1675251340876994e-12,5.0665826506685775e-19,-4.904999999105543,3
116,4.9049999992439055,-2.679339987814314e-12,3.715556764242363e-18,-4.9049999992439055,3
117,4.904999999360877,-2.2652224509846104e-12,8.923159752854286e-19,-4.904999999360877,3
118,4.904999999459749,-1.9141154368372148e-12,-6.559396240935489e-18,-4.904999999459749,3
119,4.904999999543321,-1.6196972035760541e-12,-1.1440519818798229e-18,-4.904999999543321,3
120,4.904999999613963,-1.3681583959952378e-12,-6.4632844631987844e-18,-4.904999999613963,3
121,4.904999999673673,-1.1563548483699768e-12,8.146636312056638e-19,-4.904999999673673,3
122,4.904999999724161,-9.77718159940623e-13,-8.218046140904107e-19,-4.904999999724161,3
123,4.904999999766833,-8.246392385790102e-13,-2.2251479178561284e-18,-4.904999999766833,3
124,4.904999999802909,-7.001324645826376e-13,-5.121322089416491e-19,-4.904999999802909,3
125,4.904999999833398,-5.914999285224871e-13,5.254710849059333e-19,-4.904999999833398,3
126,4.904999999859169,-4.975623799149175e-13,6.032988432171822e-18,-4.904999999859169,3
127,4.904999999880949,-4.2100262851954306e-13,4.3775923203373405e-18,-4.904999999880949,3
128,4.904999999899367,-3.587035730734798e-13,4.5625050567710384e-18,-4.904999999899367,3
129,4.904999999914944,-3.0183939319999376e-13,-4.03816553316569e-19,-4.904999999914944,3
130,4.904999999928089,-2.5518182597656656e-13,1.774009420860404e-18,-4.904999999928089,3
131,4.904999999939221,-2.1690347129727053e-13,-4.65504304826216e-18,-4.904999999939221,3
132,4.904999999948627,-1.8086668842535234e-13,-4.424291082837769e-18,-4.904999999948627,3
133,4.904999999956576,-1.5417701893160444e-13,-2.5376991032092627e-18,-4.904999999956576,3
134,4.904999999963301,-1.2940521032221602e-13,-4.055898790602884e-18,-4.904999999963301,3
135,4.904999999968975,-1.1124302900530451e-13,-3.657571607621992e-18,-4.904999999968975,3
136,4.904999999973761,-9.384597987468897e-14,3.147477145380284e-18,-4.904999999973761,3
137,4.9049999999778375,-7.847472352238976e-14,2.180027472929318e-18,-4.9049999999778375,3
138,4.904999999981252,-6.77872860368291e-14,-2.525002969572942e-18,-4.904999999981252,3
139,4.904999999984153,-5.5691647030109824e-14,-1.0659179393985373e-18,-4.904999999984153,3
140,4.904999999986617,-4.95622067640284e-14,-1.9193258003895138e-18,-4.904999999986617,3
141,4.9049999999886875,-4.1004802902300475e-14,-2.791264487922076e-18,-4.9049999999886875,3
142,4.904999999990444,-3.2956291798475736e-14,-2.8000925239845563e-18,-4.904999999990444,3
143,4.904999999991892,-2.878038259063937e-14,4.161560368852202e-18,-4.904999999991892,3
144,4.904999999993167,-2.623502564403906e-14,6.841973323139461e-19,-4.904999999993167,3
145,4.90499999999422,-1.8929221408547702e-14,-3.084540619119041e-18,-4.90499999999422,3
146,4.904999999995122,-1.7449318531374955e-14,-1.073757304712786e-18,-4.904999999995122,3
147,4.904999999995861,-1.4353539018761167e-14,3.155261063254606e-18,-4.904999999995861,3
148,0.0,0.0,0.0,0.0,3
149,7.612980550302128,1.1022377353083022,5.268932526210882,-5.383390647944649,3
150,0.0,0.0,0.0,0.0,3
151,0.0,0.0,0.0,0.0,3
152,0.0,0.0,0.0,0.0,3
153,0.0,0.0,0.0,0.0,3
154,0.0,0.0,0.0,0.0,3
155,0.0,0.0,0.0,0.0,3
156,0.0,0.0,0.0,0.0,3
157,0.0,0.0,0.0,0.0,3
158,0.0,0.0,0.0,0.0,3
159,0.0,0.0,0.0,0.0,3
160,0.0,0.0,0.0,0.0,3
161,0.0,0.0,0.0,0.0,3
162,0.0,0.0,0.0,0.0,3
163,0.0,0.0,0.0,0.0,3
164,0.0,0.0,0.0,0.0,3
165,0.0,0.0,0.0,0.0,3
166,0.0,0.0,0.0,0.0,3
167,0.0,0.0,0.0,0.0,3
168,0.0,0.0,0.0,0.0,3
169,0.0,0.0,0.0,0.0,3
170,0.0,0.0,0.0,0.0,3
171,0.0,0.0,0.0,0.0,3
172,0.0,0.0,0.0,0.0,3
173,0.0,0.0,0.0,0.0,3
174,0.0,0.0,0.0,0.0,3
175,0.0,0.0,0.0,0.0,3
176,0.0,0.0,0.0,0.0,3
177,0.0,0.0,0.0,0.0,3
178,0.0,0.0,0.0,0.0,3
179,0.0,0.0,0.0,0.0,3
180,0.0,0.0,0.0,0.0,3
181,0.0,0.0,0.0,0.0,3
182,0.0,0.0,0.0,0.0,3
183,0.0,0.0,0.0,0.0,3
184,0.0,0.0,0.0,0.0,3
185,0.0,0.0,0.0,0.0,3
186,0.0,0.0,0.0,0.0,3
187,0.0,0.0,0.0,0.0,3
188,0.0,0.0,0.0,0.0,3
189,0.0,0.0,0.0,0.0,3
190,0.0,0.0,0.0,0.0,3
191,0.0,0.0,0.0,0.0,3
192,0.0,0.0,0.0,0.0,3
193,0.0,0.0,0.0,0.0,3
194,0.0,0.0,0.0,0.0,3
195,0.0,0.0,0.0,0.0,3
196,0.0,0.0,0.0,0.0,3
197,0.0,0.0,0.0,0.0,3
198,0.0,0.0,0.0,0.0,3
199,0.0,0.0,0.0,0.0,3
200,0.0,0.0,0.0,0.0,3
201,0.0,0.0,0.0,0.0,3
202,0.0,0.0,0.0,0.0,3
203,0.0,0.0,0.0,0.0,3
204,0.0,0.0,0.0,0.0,3
205,0.0,0.0,0.0,0.0,3
206,0.0,0.0,0.0,0.0,3
207,0.0,0.0,0.0,0.0,3
208,0.0,0.0,0.0,0.0,3
209,0.0,0.0,0.0,0.0,3
210,0.0,0.0,0.0,0.0,3
211,0.0,0.0,0.0,0.0,3
212,0.0,0.0,0.0,0.0,3
213,0.0,0.0,0.0,0.0,3
214,0.0,0.0,0.0,0.0,3
215,0.0,0.0,0.0,0.0,3
216,0.0,0.0,0.0,0.0,3
217,0.0,0.0,0.0,0.0,3
218,0.0,0.0,0.0,0.0,3
219,0.0,0.0,0.0,0.0,3
220,0.0,0.0,0.0,0.0,3
221,0.0,0.0,0.0,0.0,3
222,0.0,0.0,0.0,0.0,3
223,0.0,0.0,0.0,0.0,3
224,0.0,0.0,0.0,0.0,3
225,0.0,0.0,0.0,0.0,3
226,0.0,0.0,0.0,0.0,3
227,0.0,0.0,0.0,0.0,3
228,0.0,0.0,0.0,0.0,3
229,0.0,0.0,0.0,0.0,3
230,0.0,0.0,0.0,0.0,3
231,0.0,0.0,0.0,0.0,3
232,0.0,0.0,0.0,0.0,3
233,0.0,0.0,0.0,0.0,3
234,0.0,0.0,0.0,0.0,3
235,0.0,0.0,0.0,0.0,3
236,0.0,0.0,0.0,0.0,3
237,0.0,0.0,0.0,0.0,3
238,0.0,0.0,0.0,0.0,3
239,0.0,0.0,0.0,0.0,3
240,0.0,0.0,0.0,0.0,3
241,0.0,0.0,0.0,0.0,3
242,0.0,0.0,0.0,0.0,3
243,0.0,0.0,0.0,0.0,3
244,0.0,0.0,0.0,0.0,3
245,0.0,0.0,0.0,0.0,3
246,0.0,0.0,0.0,0.0,3
247,0.0,0.0,0.0,0.0,3
248,0.0,0.0,0.0,0.0,3
249,0.0,0.0,0.0,0.0,3
250,0.0,0.0,0.0,0.0,3
251,0.0,0.0,0.0,0.0,3
252,0.0,0.0,0.0,0.0,3
253,0.0,0.0,0.0,0.0,3
254,0.0,0.0,0.0,0.0,3
255,0.0,0.0,0.0,0.0,3
256,0.0,0.0,0.0,0.0,3
257,0.0,0.0,0.0,0.0,3
258,0.0,0.0,0.0,0.0,3
259,0.0,0.0,0.0,0.0,3
260,0.0,0.0,0.0,0.0,3
261,0.0,0.0,0.0,0.0,3
262,0.0,0.0,0.0,0.0,3
263,0.0,0.0,0.0,0.0,3
264,0.0,0.0,0.0,0.0,3
265,0.0,0.0,0.0,0.0,3
266,0.0,0.0,0.0,0.0,3
267,0.0,0.0,0.0,0.0,3
268,0.0,0.0,0.0,0.0,3
269,0.0,0.0,0.0,0.0,3
270,0.0,0.0,0.0,0.0,3
271,0.0,0.0,0.0,0.0,3
272,0.0,0.0,0.0,0.0,3
273,0.0,0.0,0.0,0.0,3
274,0.0,0.0,0.0,0.0,3
275,0.0,0.0,0.0,0.0,3
276,0.0,0.0,0.0,0.0,3
277,0.0,0.0,0.0,0.0,3
278,0.0,0.0,0.0,0.0,3
279,0.0,0.0,0.0,0.0,3
280,0.0,0.0,0.0,0.0,3
281,0.0,0.0,0.0,0.0,3
282,0.0,0.0,0.0,0.0,3
283,0.0,0.0,0.0,0.0,3
284,0.0,0.0,0.0,0.0,3
285,0.0,0.0,0.0,0.0,3
286,0.0,0.0,0.0,0.0,3
287,0.0,0.0,0.0,0.0,3
288,0.0,0.0,0.0,0.0,3
289,0.0,0.0,0.0,0.0,3
290,0.0,0.0,0.0,0.0,3
291,0.0,0.0,0.0,0.0,3
292,0.0,0.0,0.0,0.0,3
293,0.0,0.0,0.0,0.0,3
294,0.0,0.0,0.0,0.0,3
295,0.0,0.0,0.0,0.0,3
296,0.0,0.0,0.0,0.0,3
297,0.0,0.0,0.0,0.0,3
298,0.0,0.0,0.0,0.0,3
299,0.0,0.0,0.0,0.0,3
300,0.0,0.0,0.0,0.0,3
301,0.0,0.0,0.0,0.0,3
302,0.0,0.0,0.0,0.0,3
303,0.0,0.0,0.0,0.0,3
304,0.0,0.0,0.0,0.0,3
305,0.0,0.0,0.0,0.0,3
306,0.0,0.0,0.0,0.0,3
307,0.0,0.0,0.0,0.0,3
308,0.0,0.0,0.0,0.0,3
309,0.0,0.0,0.0,0.0,3
310,0.0,0.0,0.0,0.0,3
311,0.0,0.0,0.0,0.0,3
312,0.0,0.0,0.0,0.0,3
313,0.0,0.0,0.0,0.0,3
314,0.0,0.0,0.0,0.0,3
315,0.0,0.0,0.0,0.0,3
316,0.0,0.0,0.0,0.0,3
317,0.0,0.0,0.0,0.0,3
318,0.0,0.0,0.0,0.0,3
319,0.0,0.0,0.0,0.0,3
320,0.0,0.0,0.0,0.0,3
321,0.0,0.0,0.0,0.0,3
322,0.0,0.0,0.0,0.0,3
323,0.0,0.0,0.0,0.0,3
324,0.0,0.0,0.0,0.0,3
325,0.0,0.0,0.0,0.0,3
326,0.0,0.0,0.0,0.0,3
327,0.0,0.0,0.0,0.0,3
328,0.0,0.0,0.0,0.0,3
329,0.0,0.0,0.0,0.0,3
330,0.0,0.0,0.0,0.0,3
331,0.0,0.0,0.0,0.0,3
332,0.0,0.0,0.0,0.0,3
333,0.0,0.0,0.0,0.0,3
334,0.0,0.0,0.0,0.0,3
335,0.0,0.0,0.0,0.0,3
336,0.0,0.0,0.0,0.0,3
337,0.0,0.0,0.0,0.0,3
338,0.0,0.0,0.0,0.0,3
339,0.0,0.0,0.0,0.0,3
340,0.0,0.0,0.0,0.0,3
341,0.0,0.0,0.0,0.0,3
342,0.0,0.0,0.0,0.0,3
343,0.0,0.0,0.0,0.0,3
344,0.0,0.0,0.0,0.0,3
345,0.0,0.0,0.0,0.0,3
346,0.0,0.0,0.0,0.0,3
347,0.0,0.0,0.0,0.0,3
348,0.0,0.0,0.0,0.0,3
349,0.0,0.0,0.0,0.0,3
350,0.0,0.0,0.0,0.0,3
351,0.0,0.0,0.0,0.0,3
352,0.0,0.0,0.0,0.0,3
353,0.0,0.0,0.0,0.0,3
354,0.0,0.0,0.0,0.0,3
355,0.0,0.0,0.0,0.0,3
356,0.0,0.0,0.0,0.0,3
357,0.0,0.0,0.0,0.0,3
358,0.0,0.0,0.0,0.0,3
359,0.0,0.0,0.0,0.0,3
360,0.0,0.0,0.0,0.0,3
361,0.0,0.0,0.0,0.0,3
362,0.0,0.0,0.0,0.0,3
363,0.0,0.0,0.0,0.0,3
364,0.0,0.0,0.0,0.0,3
365,0.0,0.0,0.0,0.0,3
366,0.0,0.0,0.0,0.0,3
367,0.0,0.0,0.0,0.0,3
368,0.0,0.0,0.0,0.0,3
369,0.0,0.0,0.0,0.0,3
370,0.0,0.0,0.0,0.0,3
371,0.0,0.0,0.0,0.0,3
372,0.0,0.0,0.0,0.0,3
373,0.0,0.0,0.0,0.0,3
374,0.0,0.0,0.0,0.0,3
375,0.0,0.0,0.0,0.0,3
376,0.0,0.0,0.0,0.0,3
377,0.0,0.0,0.0,0.0,3
378,0.0,0.0,0.0,0.0,3
379,0.0,0.0,0.0,0.0,3
380,0.0,0.0,0.0,0.0,3
381,0.0,0.0,0.0,0.0,3
382,0.0,0.0,0.0,0.0,3
383,0.0,0.0,0.0,0.0,3
384,0.0,0.0,0.0,0.0,3
385,0.0,0.0,0.0,0.0,3
386,0.0,0.0,0.0,0.0,3
387,0.0,0.0,0.0,0.0,3
388,0.0,0.0,0.0,0.0,3
389,0.0,0.0,0.0,0.0,3
390,0.0,0.0,0.0,0.0,3
391,0.0,0.0,0.0,0.0,3
392,0.0,0.0,0.0,0.0,3
393,0.0,0.0,0.0,0.0,3
394,0.0,0.0,0.0,0.0,3
395,0.0,0.0,0.0,0.0,3
396,0.0,0.0,0.0,0.0,3
397,0.0,0.0,0.0,0.0,3
398,0.0,0.0,0.0,0.0,3
399,0.0,0.0,0.0,0.0,3
400,0.0,0.0,0.0,0.0,3
401,0.0,0.0,0.0,0.0,3
402,0.0,0.0,0.0,0.0,3
403,0.0,0.0,0.0,0.0,3
404,0.0,0.0,0.0,0.0,3
405,0.0,0.0,0.0,0.0,3
406,0.0,0.0,0.0,0.0,3
407,0.0,0.0,0.0,0.0,3
408,0.0,0.0,0.0,0.0,3
409,0.0,0.0,0.0,0.0,3
410,0.0,0.0,0.0,0.0,3
411,0.0,0.0,0.0,0.0,3
412,0.0,0.0,0.0,0.0,3
413,0.0,0.0,0.0,0.0,3
414,0.0,0.0,0.0,0.0,3
415,0.0,0.0,0.0,0.0,3
416,0.0,0.0,0.0,0.0,3
417,0.0,0.0,0.0,0.0,3
418,0.0,0.0,0.0,0.0,3
419,0.0,0.0,0.0,0.0,3
420,0.0,0.0,0.0,0.0,3
421,0.0,0.0,0.0,0.0,3
422,0.0,0.0,0.0,0.0,3
423,0.0,0.0,0.0,0.0,3
424,0.0,0.0,0.0,0.0,3
425,0.0,0.0,0.0,0.0,3
426,0.0,0.0,0.0,0.0,3
427,0.0,0.0,0.0,0.0,3
428,0.0,0.0,0.0,0.0,3
429,0.0,0.0,0.0,0.0,3
430,0.0,0.0,0.0,0.0,3
431,0.0,0.0,0.0,0.0,3
432,0.0,0.0,0.0,0.0,3
433,0.0,0.0,0.0,0.0,3
434,0.0,0.0,0.0,0.0,3
435,0.0,0.0,0.0,0.0,3
436,0.0,0.0,0.0,0.0,3
437,0.0,0.0,0.0,0.0,3
438,0.0,0.0,0.0,0.0,3
439,0.0,0.0,0.0,0.0,3
440,0.0,0.0,0.0,0.0,3
441,0.0,0.0,0.0,0.0,3
442,0.0,0.0,0.0,0.0,3
443,0.0,0.0,0.0,0.0,3
444,0.0,0.0,0.0,0.0,3
445,0.0,0.0,0.0,0.0,3
446,0.0,0.0,0.0,0.0,3
447,0.0,0.0,0.0,0.0,3
448,0.0,0.0,0.0,0.0,3
449,0.0,0.0,0.0,0.0,3
450,0.0,0.0,0.0,0.0,3
451,0.0,0.0,0.0,0.0,3
452,0.0,0.0,0.0,0.0,3
453,0.0,0.0,0.0,0.0,3
454,0.0,0.0,0.0,0.0,3
455,0.0,0.0,0.0,0.0,3
456,0.0,0.0,0.0,0.0,3
457,0.0,0.0,0.0,0.0,3
458,0.0,0.0,0.0,0.0,3
459,0.0,0.0,0.0,0.0,3
460,0.0,0.0,0.0,0.0,3
461,0.0,0.0,0.0,0.0,3
462,0.0,0.0,0.0,0.0,3
463,0.0,0.0,0.0,0.0,3
464,0.0,0.0,0.0,0.0,3
465,0.0,0.0,0.0,0.0,3
466,0.0,0.0,0.0,0.0,3
467,0.0,0.0,0.0,0.0,3
468,0.0,0.0,0.0,0.0,3
469,0.0,0.0,0.0,0.0,3
470,0.0,0.0,0.0,0.0,3
471,0.0,0.0,0.0,0.0,3
472,0.0,0.0,0.0,0.0,3
473,0.0,0.0,0.0,0.0,3
474,0.0,0.0,0.0,0.0,3
475,0.0,0.0,0.0,0.0,3
476,0.0,0.0,0.0,0.0,3
477,0.0,0.0,0.0,0.0,3
478,0.0,0.0,0.0,0.0,3
479,0.0,0.0,0.0,0.0,3
480,0.0,0.0,0.0,0.0,3
481,0.0,0.0,0.0,0.0,3
482,0.0,0.0,0.0,0.0,3
483,0.0,0.0,0.0,0.0,3
484,0.0,0.0,0.0,0.0,3
485,0.0,0.0,0.0,0.0,3
486,0.0,0.0,0.0,0.0,3
487,0.0,0.0,0.0,0.0,3
488,0.0,0.0,0.0,0.0,3
489,0.0,0.0,0.0,0.0,3
490,0.0,0.0,0.0,0.0,3
491,0.0,0.0,0.0,0.0,3
492,0.0,0.0,0.0,0.0,3
493,0.0,0.0,0.0,0.0,3
494,0.0,0.0,0.0,0.0,3
495,0.0,0.0,0.0,0.0,3
496,0.0,0.0,0.0,0.0,3
497,0.0,0.0,0.0,0.0,3
498,0.0,0.0,0.0,0.0,3
499,0.0,0.0,0.0,0.0,3
